section,id,N,objAUC,ptAUC,objAP,ptAP,norm,pos_rate
global,all,29,0.7952380952380953,0.9189014738444999,0.7550654911087242,0.45255198878664343,global-minmax,0.010704093392460432
cluster,1,29,0.7952380952380953,0.9189014738444997,0.7550654911087242,0.4525517989297705,mad,0.010704093392460432
cluster-macro,avg,,0.7952380952380953,0.9189014738444997,0.7550654911087242,0.4525517989297705,mad,
category,1,29,0.7952380952380953,0.9189014738444997,0.7550654911087242,0.4525517989297705,mad,0.010704093392460432
category-macro,avg,,0.7952380952380953,0.9189014738444997,0.7550654911087242,0.4525517989297705,mad,
sample-macro,ptAP,29,,,,0.5376898030039374,,
