section,id,N,objAUC,ptAUC,objAP,ptAP,norm,pos_rate
global,all,36,0.819047619047619,0.9404874261192728,0.9016944959802105,0.6221711394914569,global-minmax,0.01094465187956666
cluster,4,34,0.8245614035087718,0.9473681510277314,0.9043160413498768,0.6409671817821707,mad,0.011787190135153681
cluster,23,2,nan,0.4170666009894868,nan,0.002246687361447622,mad,0.0029146751065753777
cluster-macro,avg,,0.8245614035087718,0.9473681510277314,0.9043160413498768,0.6409671817821707,mad,
category,4,36,0.819047619047619,0.9404874259835138,0.9016944959802105,0.6221711385140059,mad,0.01094465187956666
category-macro,avg,,0.819047619047619,0.9404874259835138,0.9016944959802105,0.6221711385140059,mad,
sample-macro,ptAP,36,,,,0.4843767012122508,,
