section,id,N,objAUC,ptAUC,objAP,ptAP,norm,pos_rate
global,all,29,0.9571428571428572,0.8960834532270289,0.9635531135531135,0.47034344614652623,global-minmax,0.046010740789189916
cluster,0,29,0.9571428571428572,0.8960834532839828,0.9635531135531135,0.4703434429788497,mad,0.046010740789189916
cluster-macro,avg,,0.9571428571428572,0.8960834532839828,0.9635531135531135,0.4703434429788497,mad,
category,0,29,0.9571428571428572,0.8960834532839828,0.9635531135531135,0.4703434429788497,mad,0.046010740789189916
category-macro,avg,,0.9571428571428572,0.8960834532839828,0.9635531135531135,0.4703434429788497,mad,
sample-macro,ptAP,29,,,,0.6228687904892786,,
